[
null,
{"id":1,"battlerName":"","characterIndex":0,"characterName":"large_mc_overworld","classId":1,"equips":[0,0,0,0,0],"faceIndex":0,"faceName":"mc_expressions","traits":[],"initialLevel":1,"maxLevel":99,"name":"MC","nickname":"","note":"","profile":""},
{"id":2,"battlerName":"","characterIndex":0,"characterName":"large_bestie_overworld","classId":2,"equips":[0,0,0,0,0],"faceIndex":0,"faceName":"bestie_expressions","traits":[],"initialLevel":1,"maxLevel":99,"name":"Bestie","nickname":"","note":"","profile":""},
{"id":3,"battlerName":"","characterIndex":0,"characterName":"large_mayor_overworld","classId":2,"equips":[0,0,0,0,0],"faceIndex":0,"faceName":"mayor_expressions","traits":[],"initialLevel":1,"maxLevel":99,"name":"Mayor","nickname":"","note":"","profile":""},
{"id":4,"battlerName":"","characterIndex":1,"characterName":"large_mayor_overworld","classId":2,"equips":[0,0,0,0,0],"faceIndex":4,"faceName":"mayor_expressions","traits":[],"initialLevel":1,"maxLevel":99,"name":"Mayor Young","nickname":"","note":"","profile":""},
{"id":5,"battlerName":"","characterIndex":0,"characterName":"large_hermit_overworld","classId":1,"equips":[0,0,0,0,0],"faceIndex":0,"faceName":"hermit_expressions","traits":[],"initialLevel":1,"maxLevel":99,"name":"Hermit","nickname":"","note":"","profile":""},
{"id":6,"battlerName":"","characterIndex":1,"characterName":"large_hermit_overworld","classId":2,"equips":[0,0,0,0,0],"faceIndex":4,"faceName":"hermit_expressions","traits":[],"initialLevel":1,"maxLevel":99,"name":"Hermit Young","nickname":"","note":"","profile":""},
{"id":7,"battlerName":"","characterIndex":0,"characterName":"large_brother_overworld","classId":1,"equips":[0,0,0,0,0],"faceIndex":0,"faceName":"brother_expressions","traits":[],"initialLevel":1,"maxLevel":99,"name":"Brother","nickname":"","note":"","profile":""},
{"id":8,"battlerName":"","characterIndex":0,"characterName":"large_residents_overworld","classId":2,"equips":[0,0,0,0,0],"faceIndex":0,"faceName":"residents","traits":[],"initialLevel":1,"maxLevel":99,"name":"Town 1","nickname":"","note":"","profile":""},
{"id":9,"battlerName":"","characterIndex":1,"characterName":"large_residents_overworld","classId":2,"equips":[0,0,0,0,0],"faceIndex":1,"faceName":"residents","traits":[],"initialLevel":1,"maxLevel":99,"name":"Town 2","nickname":"","note":"","profile":""},
{"id":10,"battlerName":"","characterIndex":2,"characterName":"large_residents_overworld","classId":2,"equips":[0,0,0,0,0],"faceIndex":2,"faceName":"residents","traits":[],"initialLevel":1,"maxLevel":99,"name":"Town 3","nickname":"","note":"","profile":""},
{"id":11,"battlerName":"","characterIndex":3,"characterName":"large_residents_overworld","classId":2,"equips":[0,0,0,0,0],"faceIndex":3,"faceName":"residents","traits":[],"initialLevel":1,"maxLevel":99,"name":"Town 4","nickname":"","note":"","profile":""},
{"id":12,"battlerName":"","characterIndex":4,"characterName":"large_residents_overworld","classId":2,"equips":[0,0,0,0,0],"faceIndex":4,"faceName":"residents","traits":[],"initialLevel":1,"maxLevel":99,"name":"Town 5","nickname":"","note":"","profile":""},
{"id":13,"battlerName":"","characterIndex":5,"characterName":"large_residents_overworld","classId":2,"equips":[0,0,0,0,0],"faceIndex":5,"faceName":"residents","traits":[],"initialLevel":1,"maxLevel":99,"name":"Town 6","nickname":"","note":"","profile":""},
{"id":14,"battlerName":"","characterIndex":0,"characterName":"","classId":1,"equips":[0,0,0,0,0],"faceIndex":0,"faceName":"","traits":[],"initialLevel":1,"maxLevel":99,"name":"","nickname":"","note":"","profile":""}
]