[
null,
{"id":1,"expanded":true,"name":"Game Maps","order":2,"parentId":0,"scrollX":725.1428571428571,"scrollY":518.5714285714286},
{"id":2,"expanded":true,"name":"Mockup","order":1,"parentId":0,"scrollX":776.5714285714286,"scrollY":907.7142857142857},
{"id":3,"expanded":false,"name":"Town","order":4,"parentId":7,"scrollX":1390.2857142857142,"scrollY":970.2857142857142},
{"id":4,"expanded":false,"name":"Forest Path","order":7,"parentId":7,"scrollX":1404,"scrollY":798.8571428571428},
{"id":5,"expanded":false,"name":"Town Old","order":5,"parentId":7,"scrollX":1015,"scrollY":1415},
{"id":6,"expanded":false,"name":"Forest Cliffside","order":8,"parentId":7,"scrollX":1404,"scrollY":798.8571428571428},
{"id":7,"expanded":true,"name":"Exterior","order":3,"parentId":1,"scrollX":1128,"scrollY":806.6666666666666},
{"id":8,"expanded":true,"name":"Interior","order":9,"parentId":1,"scrollX":1404,"scrollY":798.8571428571428},
{"id":9,"expanded":false,"name":"Town Hall","order":10,"parentId":8,"scrollX":1390.2857142857142,"scrollY":846.8571428571428},
{"id":10,"expanded":false,"name":"Your House","order":11,"parentId":8,"scrollX":1404,"scrollY":798.8571428571428},
{"id":11,"expanded":false,"name":"Bakery","order":12,"parentId":8,"scrollX":1404,"scrollY":798.8571428571428},
{"id":12,"expanded":false,"name":"Town Outskirts","order":6,"parentId":7,"scrollX":725.1428571428571,"scrollY":518.5714285714286},
{"id":13,"expanded":false,"name":"Hermit's Hut","order":13,"parentId":8,"scrollX":1404,"scrollY":798.8571428571428}
]