[
null,
{"id":1,"expanded":true,"name":"Game Maps","order":1,"parentId":0,"scrollX":725.1428571428571,"scrollY":518.5714285714286},
{"id":2,"expanded":true,"name":"Mockup","order":15,"parentId":0,"scrollX":905.4545454545455,"scrollY":725.4545454545455},
{"id":3,"expanded":true,"name":"Town","order":3,"parentId":7,"scrollX":902.1818181818182,"scrollY":645.8181818181819},
{"id":4,"expanded":false,"name":"Forest Path","order":7,"parentId":7,"scrollX":919.6363636363636,"scrollY":650.1818181818182},
{"id":5,"expanded":false,"name":"Town Old","order":5,"parentId":3,"scrollX":906.5454545454546,"scrollY":1278.5454545454545},
{"id":6,"expanded":true,"name":"Forest Cliffside","order":8,"parentId":7,"scrollX":919.6363636363636,"scrollY":650.1818181818182},
{"id":7,"expanded":true,"name":"Exterior","order":2,"parentId":1,"scrollX":634.5,"scrollY":453.75},
{"id":8,"expanded":true,"name":"Interior","order":10,"parentId":1,"scrollX":634.5,"scrollY":453.75},
{"id":9,"expanded":true,"name":"Town Hall","order":11,"parentId":8,"scrollX":902.1818181818182,"scrollY":957.8181818181819},
{"id":10,"expanded":false,"name":"Your House","order":13,"parentId":8,"scrollX":919.6363636363636,"scrollY":650.1818181818182},
{"id":11,"expanded":false,"name":"Town Hall Flashback","order":12,"parentId":9,"scrollX":902.1818181818182,"scrollY":650.1818181818182},
{"id":12,"expanded":false,"name":"Town Outskirts","order":6,"parentId":7,"scrollX":919.6363636363636,"scrollY":650.1818181818182},
{"id":13,"expanded":false,"name":"Hermit's Hut","order":14,"parentId":8,"scrollX":919.6363636363636,"scrollY":650.1818181818182},
{"id":14,"expanded":false,"name":"Town Flashback","order":4,"parentId":3,"scrollX":991.6363636363636,"scrollY":715.6363636363636},
{"id":15,"expanded":true,"name":"Forest Cliffside Flashback","order":9,"parentId":6,"scrollX":919.6363636363636,"scrollY":650.1818181818182}
]